Station;Long;Lat;X;Y;Z;G_Obs;GRS1980_(gt);CA;AAL;dH_ref;CB;ABS;rho_Jung;CT;Corr_terr_limpia;ABT;ARegB;AResB
93;-75.408;4.4427;4732883.463;2049345.17;1802.569;977628.5013;978063.6821172583;-556.2727934;121.09197614168852;-433.7398970588238;198.715399347187;-77.62342320549848;2.6300245002230516;18.696838685449666;102.39513745622385;-58.92658452004882;-61.95822234983767;3.031637829788849
98;-75.3415;4.4585;4740260.711;2051069.569;2014.366;977621.7091;978063.9024385534;-621.6333476;179.44000904657878;-221.94289705882375;222.06392327916194;-42.62391423258316;2.6300245002230516;20.828771205793203;158.61123784078558;-21.795143026789958;-61.53274701842723;39.73760399163727
1000;-75.4053;4.5156;4733205.458;2057405.449;2127.088;977552.7659;978064.7051313686;-656.4193568000001;144.4801254314034;-109.22089705882354;234.490408614932;-90.0102831835286;2.6300245002230516;17.74504828328976;126.73507714814728;-72.26523490023884;-62.678407775668134;-9.586827124570704
1001;-75.4063;4.5073;4733091.517;2056492.891;1954.45;977583.5755;978064.5878233964;-603.14327;122.1309466036032;-281.8588970588237;215.4587770310649;-93.32783042746169;2.6300245002230516;17.72959706004868;104.40134954355499;-75.59823336741302;-62.62159541332781;-12.976637954085206
1002;-75.4071;4.5116;4733001.529;2056965.559;1981.408;977578.0543;978064.6485706843;-611.4625087999999;124.86823811570923;-254.90089705882383;218.43062983425938;-93.56239171855015;2.6300245002230516;17.475493156552485;107.39274495913071;-76.08689856199766;-62.670610039282806;-13.41628852271485
1003;-75.408;4.5159;4732903.467;2057445.212;1990.299;977574.6432;978064.709375424;-614.2062714;124.14009597608822;-246.00989705882375;219.41077462516384;-95.27067864907562;2.6300245002230516;17.305823427359055;106.83427254870585;-77.96485522171656;-62.72321034545163;-15.241644876264928
1004;-75.4082;4.5205;4732884.868;2057954.18;2023.524;977569.0439;978064.7744859577;-624.4595063999999;128.7289204423554;-212.78489705882384;223.0735021786224;-94.344581736267;2.6300245002230516;17.276238611274444;111.452681831127;-77.06834312499257;-62.76930856736257;-14.299034557629994
1005;-75.407;4.5057;4733015.573;2056311.956;1952.983;977585.4489;978064.5652344209;-602.6905538;123.57421937902188;-283.3258970588238;215.29705479416725;-91.72283541514537;2.6300245002230516;17.843657838536362;105.73056154045562;-73.87917757660901;-62.61005487930542;-11.269122697303587
1006;-75.4086;4.5091;4732834.901;2056687.861;1964.5;977581.9249;978064.6132455025;-606.2447;123.55635449752003;-271.80889705882373;216.56669010592597;-93.01033560840594;2.6300245002230516;17.483323965871644;106.07303053168772;-75.52701164253429;-62.65866208794846;-12.868349554585834
1007;-75.4096;4.5132;4732722.86;2057148.52;1996.752;977574.7723;978064.6711889922;-616.1976672;126.29877820773788;-239.55689705882378;220.12215403532088;-93.82337582758299;2.6300245002230516;17.447416252310873;108.85136195542894;-76.37595957527212;-62.7074544603482;-13.668505114923917
1008;-75.4096;4.5178;4732725.304;2057656.494;2007.804;977571.4998;978064.7362609354;-619.6083144;126.3718534645592;-228.50489705882364;221.3405276973472;-94.968674232788;2.6300245002230516;17.25655666492458;109.1152967995913;-77.71211756786343;-62.75482419953916;-14.957293368324272
1009;-75.4106;4.5059;4732616.519;2056339.144;2194.241;977544.136;978064.5680576077;-677.1427726;156.7107149923138;-42.067897058823746;241.89336251703594;-85.18264752472214;2.6300245002230516;18.245961238145895;138.4647537542227;-66.93668628657625;-62.611395758310266;-4.325290528265981
1010;-75.4139;4.5101;4732251.102;2056810.842;2100.813;977556.2384;978064.6273732446;-648.3108918;139.92191855541773;-135.49589705882363;231.59384980478526;-91.67193124936753;2.6300245002230516;17.65641771451972;122.26550084087596;-74.01551353484781;-62.696961639624405;-11.318551895223408
1011;-75.3953;4.49;4734303.005;2054572.193;2411.321;977506.0723;978064.3440020955;-744.1336606;185.86195850448303;175.01210294117618;265.82428493403484;-79.96232642955181;2.6300245002230516;18.997233139973382;166.86472536456466;-60.96509328957843;-62.28373183286712;1.3186385432886922
1012;-75.398;4.4946;4734011.849;2055090.108;2296.192;977528.5646;978064.4087424244;-708.6048512;172.76070877559164;59.883102941176276;253.13245166083297;-80.37174288524133;2.6300245002230516;18.981898245206825;153.77881053039732;-61.38984464003451;-62.37106134215708;0.9812167021225662
1013;-75.3967;4.4992;4734158.279;2055595.622;2251.795;977534.3848;978064.4735485079;-694.903937;164.81518849209988;15.486102941176341;248.2381216325139;-83.42293314041402;2.6300245002230516;18.653803718727076;146.16138477333914;-64.76912942168694;-62.41464190217981;-2.3544875195071313
1014;-75.3943;4.5035;4734416.014;2056064.897;2205.731;977542.56;978064.534187568;-680.6885866;158.7143990320535;-30.57789705882351;243.16002134590696;-84.44562231385345;2.6300245002230516;18.640184911143262;140.07421412091867;-65.80543740271018;-62.44638137336749;-3.359056029342696
1015;-75.3981;4.5058;4733999.026;2056329.517;2208.479;977544.0495;978064.5666459987;-681.5366194;161.019473401224;-27.829897058823917;243.46296115980923;-82.44348775858523;2.6300245002230516;18.829542726366153;142.18993067488137;-63.61394503221908;-62.503436145265965;-1.110508886953113
1016;-75.4025;4.5078;4733510.4;2056550.593;2133.384;977554.7794;978064.5948840828;-658.3623024;148.54681831720802;-102.92489705882372;235.18448032829767;-86.63766201108965;2.6300245002230516;18.12575172754036;130.421066589723;-68.51191028354928;-62.57185082715476;-5.940059456394522
1017;-75.4032;4.5123;4733441.5;2057048.388;2129.391;977554.2436;978064.6584652151;-657.1300626;146.71519738492384;-106.91789705882366;234.74429158124093;-88.02909419631709;2.6300245002230516;18.12069777615275;128.59449960878678;-69.90839642016434;-62.625698280682926;-7.282698139481411
1018;-75.4087;4.523;4732827.547;2058229.955;2010.975;977570.055;978064.8098996925;-620.5868849999999;125.8319853075111;-225.33389705882382;221.69009907648993;-95.85811376897882;2.6300245002230516;17.117665661607827;108.71431964590032;-78.740448107371;-62.80187593903942;-15.938572168331575
1019;-75.4227;4.4528;4731248.428;2050471.747;2111.11;977570.0439;978063.8228660844;-651.488546;157.70957991564455;-125.1988970588236;232.72899218606332;-75.01941227041877;2.6300245002230516;19.222950713728036;138.48662920189514;-55.79646155669073;-62.153839568161544;6.357378011470814
1020;-75.4159;4.4597;4732006.467;2051236.834;2137.603;977564.3753;978063.9192035198;-659.6642858;160.1203822801349;-98.70589705882367;235.6495833395254;-75.52920105939052;2.6300245002230516;19.458629213138202;140.66175306695075;-56.070571846252314;-62.168185698762485;6.097613852510172
1021;-75.4072;4.4618;4732973.322;2051464.868;2235.471;977551.7363;978063.9485529804;-689.8663505999999;177.65409761955254;-0.837897058823728;246.43856212664008;-68.78446450708753;2.6300245002230516;20.178924922621327;157.47517269696158;-48.60553958446621;-62.10462776877391;13.499088184307702
1022;-75.3992;4.4577;4733859.664;2051002.088;2317.256;977524.4414;978063.8912643956;-715.1052015999999;175.655337204455;80.94710294117613;255.45454927365617;-79.79921206920116;2.6300245002230516;19.022919751638817;156.63241745281937;-60.776292317562344;-61.98140810981019;1.2051157922478453
1023;-75.4113;4.4693;4732526.472;2052295.011;2380.482;977520.0213;978064.053484371;-734.6167452;190.58456082897374;144.17310294117624;262.4245902757622;-71.84002944678849;2.6300245002230516;19.863115714031984;170.72144511494994;-51.97691373275651;-62.20110858172819;10.224194848971685
1024;-75.4138;4.4776;4732243.642;2053211.359;2427.719;977507.5723;978064.1698122293;-749.1940834;192.59657117065422;191.41010294117632;267.6320022078231;-75.0354310371689;2.6300245002230516;19.532726642735703;173.06384452787282;-55.5027043944332;-62.30579023948057;6.80308584504737
1025;-75.4155;4.4881;4732063.661;2054370.089;2406.571;977507.7159;978064.3172807139;-742.6678105999999;186.06642988601743;170.26210294117618;265.30064442601594;-79.2342145399985;2.6300245002230516;19.089244798917537;166.97718508711807;-60.14496974108097;-62.43481009624871;2.2898403551677404
1026;-75.414;4.4989;4732230.822;2055571.526;2325.947;977520.4187;978064.46932002;-717.7872442;173.73662417998207;89.63810294117638;256.41264604317035;-82.67602186318828;2.6300245002230516;18.669716423248417;155.0669077567416;-64.00630543993987;-62.54913742146985;-1.4571680184700142
1027;-75.3951;4.4502;4734317.403;2050170.414;2098.681;977573.3907;978063.7866034079;-647.6529565999999;157.25705319205463;-137.6278970588237;231.35881789676498;-74.10176470471035;2.6300245002230516;19.547925770648487;137.70912742135795;-54.55383893406186;-61.89259356724102;7.338754633179164
1028;-75.3853;4.4447;4735398.749;2049562.198;2116.528;977565.6238;978063.7099631357;-653.1605407999999;155.07437766428882;-119.78089705882394;233.32627308552568;-78.25189542123687;2.6300245002230516;18.908787987421587;136.16558967682687;-59.34310743381528;-61.74770960713499;2.4046021733197165
1029;-75.3917;4.4425;4734691.326;2049322.013;1788.618;977632.8437;978063.6793333543;-551.9675148;121.13188144562207;-447.6908970588238;197.1774396151087;-76.04555816948664;2.6300245002230516;18.902372155542533;102.22950929010375;-57.1431860139441;-61.81958458429037;4.676398570346265
1030;-75.4053;4.4506;4733186.203;2050226.421;1753.793;977636.6684;978063.7921809135;-541.2205197999999;114.09673888646535;-482.51589705882384;193.33832789052798;-79.24158900406263;2.6300245002230516;19.00897459173924;95.08776429469813;-60.23261441232339;-62.02828877280946;1.7956743604860677
1031;-75.413;4.4512;4732321.881;2050289.612;1816.68;977624.3366;978063.8005481045;-560.627448;121.1634998955858;-419.62889705882367;200.2709974963775;-79.1074976007917;2.6300245002230516;18.97480663211048;102.1886932634892;-60.132690968681224;-62.09228417326206;1.959593204580834
1032;-75.4308;4.4479;4730347.029;2049937.605;2047.998;977581.4804;978063.7545424008;-632.0121828;149.73804039917275;-188.31089705882368;225.77151855614974;-76.033478156977;2.6300245002230516;17.683647496353984;132.0543929028016;-58.34983066062301;-62.17742613412592;3.8275954735029103
1033;-75.4162;4.5188;4731998.374;2057771.731;2334.807;977517.8691;978064.7504157102;-720.5214401999999;173.64012448986045;98.49810294117606;257.3893733907593;-83.74924890089886;2.6300245002230516;18.316483732242073;155.32364075766046;-65.43276516865679;-62.777868493412456;-2.6548966752443306
1034;-75.4247;4.5207;4731053.774;2057981.394;2634.844;977458.7236;978064.7773183418;-813.1128583999999;207.05914005825264;398.5351029411763;290.46548436012137;-83.40634430186873;2.6300245002230516;18.12743921689382;188.9317008413405;-65.27890508497491;-62.829573122191235;-2.449331962783674
1035;-75.4197;4.5261;4731606.7;2058581.933;2193.644;977540.0651;978064.8538396927;-676.9585384;152.16979870734735;-42.664897058823954;241.82754917318596;-89.6577504658386;2.6300245002230516;16.936092798511417;135.23370590884525;-72.72165766732718;-62.90404954680679;-9.81760812052039
1036;-75.4238;4.5144;4731154.25;2057283.326;2646.374;977458.6535;978064.6881579433;-816.6710163999999;210.63635845670456;410.06510294117606;291.7365527932704;-81.10019433656583;2.6300245002230516;18.538729570653565;192.09762888603257;-62.56146476591227;-62.75344599908429;0.19198123317202231
1037;-75.4224;4.4991;4731303.75;2055593.762;2885.666;977410.3691;978064.4721389808;-890.5165276;236.41348861925803;649.3571029411764;318.11612846587275;-81.70263984661472;2.6300245002230516;18.585691164349566;217.8277974549128;-63.116948682265146;-62.54804112017091;-0.568907562094239
1038;-75.4223;4.4904;4731308.913;2054631.418;2949.058;977399.9426;978064.3496290791;-910.0792988;245.67226972084302;712.7491029411763;325.1044693257327;-79.43219960488966;2.6300245002230516;18.80985691954161;226.86241280127538;-60.62234268534805;-62.44643767080866;1.8240949854606114
1039;-75.4217;4.4806;4731369.286;2053546.074;2672.678;977460.6962;978064.2119111205;-824.7884307999999;221.2727196795537;436.36910294117615;294.63630856651866;-73.36358888696498;2.6300245002230516;19.467438528071956;201.80528115144477;-53.896150358893024;-62.37264116774563;8.476490808852603
1040;-75.4217;4.4728;4731367.498;2052678.497;3007.929;977380.5015;978064.1025121814;-928.2468894;244.64587721862574;771.6201029411764;331.59441466206556;-86.94853744343982;2.6300245002230516;18.099245750277667;226.54663146829475;-68.84929169316214;-62.24509999552592;-6.6041916976362245
1041;-75.4241;4.4633;4731098.753;2051639.218;2655.509;977460.1013;978063.9695252725;-819.4900774;215.62185212748795;419.2001029411763;292.74359617027096;-77.121744042783;2.6300245002230516;18.91896382359949;196.70288830388643;-58.202780219183516;-62.209516205397335;4.006735986213819
1042;-75.4156;4.5056;4732059.777;2056312.42;2402.232;977505.6279;978064.5638228742;-741.3287952;182.39287232574577;165.92310294117624;264.822312601954;-82.42944027620825;2.6300245002230516;18.621262192299188;163.7716101334276;-63.80817808390907;-62.62371723716777;-1.1844608467413025
1043;-75.4177;4.4676;4731805.387;2052110.459;2660.153;977457.156;978064.0296846002;-820.9232157999999;214.04953119977142;423.84410294117606;293.255551226953;-79.20602002718158;2.6300245002230516;18.931578411017917;195.1179527887186;-60.274441616163664;-62.201643542017024;1.9272019258533604
1044;-75.3847;4.5238;4735495.705;2058312.305;2927.404;977398.6714;978064.821236189;-903.3968744;237.24703821100286;691.0951029411763;322.71733004980814;-85.47029183880528;2.6300245002230516;17.887379995702545;219.35965821527247;-67.58291184310274;-62.48618904965004;-5.096722793452699
1045;-75.3896;4.5163;4734944.968;2057477.152;2737.342;977435.7248;978064.7150345996;-844.7437412;215.75350660031847;501.03310294117637;301.7648748424208;-86.01136824210232;2.6300245002230516;18.28367963372556;197.46982696654914;-67.72768860837677;-62.47292062127738;-5.254767987099385
1046;-75.3626;4.5235;4737941.901;2058269.897;2366.585;977508.0421;978064.8169847698;-730.328131;173.55324623019055;130.2761029411763;260.8925835094593;-87.33933727926876;2.6300245002230516;17.73770178997955;155.8155444402567;-69.60163548928921;-62.36725089859999;-7.234384590689217
1047;-75.3685;4.5179;4737288.606;2057646.187;2333.425;977518.4959;978064.7376762733;-720.094955;173.853178726647;97.11610294117645;257.2370215629526;-83.38384283630558;2.6300245002230516;18.405495299548775;155.44768342707687;-64.9783475367568;-62.36198507707843;-2.6163624596783706
1048;-75.369;4.513;4737230.933;2057108.424;2353.172;977516.9607;978064.6683612685;-726.1888792;178.48121793158225;116.8631029411763;259.4139329549209;-80.93271502333863;2.6300245002230516;18.81838500324046;159.66283292836636;-62.114330020098166;-62.31207905956879;0.19774903947062228
1049;-75.3768;4.5218;4736366.573;2058089.337;2603.956;977464.8784;978064.7928986764;-803.5808216;203.66632292368695;367.6471029411764;287.0603879366081;-83.39406501292115;2.6300245002230516;18.26378377787822;185.40253914585284;-65.13028123504293;-62.44033634719216;-2.6899448878507712
1050;-75.3824;4.5155;4735742.963;2057391.357;2505.518;977485.5188;978064.7037167455;-773.2028548;194.0179380544779;269.2091029411763;276.2085722885311;-82.19063423405322;2.6300245002230516;18.615693531882556;175.40224452263342;-63.574940702170665;-62.433874266616414;-1.1410664355542508
1051;-75.4027;4.5269;4733492.531;2058664.55;2403.849;977499.9649;978064.8651838943;-741.8278014;176.9275175057312;167.54010294117643;265.0005708548944;-88.07305334916322;2.6300245002230516;16.861775792000962;160.0657417137109;-71.21127755716225;-62.74120871081527;-8.470068846346976
1052;-75.3934;4.5137;4734522.756;2057196.507;2545.61;977476.1045;978064.6782588445;-785.575246;197.00148715548096;309.3011029411764;280.62831865642465;-83.6268315009437;2.6300245002230516;18.543474819783963;178.45801233566095;-65.08335668115973;-62.503142230127025;-2.5802144510327025
1053;-75.3987;4.5151;4733938.999;2057352.923;2369.157;977508.7987;978064.6980585642;-731.1218502;175.22249163582717;132.84810294117642;261.17612106453817;-85.953629428711;2.6300245002230516;18.299151709358824;156.92333992646573;-67.65447771935217;-62.585750941233954;-5.068726778118219
1054;-75.3728;4.4893;4736804.04;2054489.85;2442.736;977503.2102;978064.3341560708;-753.8283296;192.70437352913632;206.42710294117614;269.2874778939115;-76.58310436477518;2.6300245002230516;19.412333064637476;173.29204046454342;-57.1707713001377;-62.080176825373314;4.909405525235613
1055;-75.3721;4.4848;4736881.365;2053996.613;2542.674;977485.9868;978064.2708965568;-784.6691963999999;206.38509984316784;306.36510294117625;280.30465370241546;-73.91955385924763;2.6300245002230516;19.7414246514278;186.64367519171662;-54.17812920781983;-62.01358437814217;7.835455170322341
1056;-75.3937;4.464;4734476.462;2051704.983;1649.988;977645.8979;978063.9793147354;-509.1862968;91.10488206458962;-586.3208970588237;181.89485358844317;-90.78997152385355;2.6300245002230516;18.106024072426752;72.99885799219794;-72.6839474514268;-62.08836434239687;-10.595583109029931
1057;-75.3998;4.4706;4733798.979;2052430.164;1726.835;977633.1084;978064.0716902565;-532.901281;101.93799074355195;-509.4738970588237;190.3664750873335;-88.42848434378155;2.6300245002230516;18.226305528222372;83.7116852153281;-70.20217881555918;-62.201521353649284;-8.000657461909896
1058;-75.4027;4.4794;4733478.172;2053402.827;1759.402;977618.9411;978064.1950682077;-542.9514571999999;97.69748899236868;-476.9068970588237;193.9566646504181;-96.25917565804943;2.6300245002230516;17.354523745449903;80.34296524690865;-78.90465191259952;-62.31701068364569;-16.587641228953828
1059;-75.4061;4.4864;4733110.089;2054181.265;1903.289;977595.6017;978064.2933816188;-587.3549853999999;118.66330378119767;-333.01989705882374;209.8187829193269;-91.15547913812924;2.6300245002230516;17.893952832016417;100.76935094916794;-73.26152630611281;-62.40239949302094;-10.859126813091876
1060;-75.4086;4.4956;4732829.657;2055198.699;1931.298;977589.7657;978064.4228251099;-595.9985628;121.34143769007687;-305.01089705882373;212.90649807492727;-91.5650603848504;2.6300245002230516;17.870743072270262;103.47069461780616;-73.69431731258014;-62.51907643274869;-11.175240879831449
1061;-75.3897;4.4877;4734926.503;2054321.067;2741.795;977426.0208;978064.3116565895;-846.117937;207.8270804105532;505.48610294117634;302.25577403867516;-94.42869362812195;2.6300245002230516;17.581776458903036;190.2453039516529;-76.84691716921891;-62.169249186315156;-14.677667982903756
1062;-75.3841;4.4889;4735544.745;2054446.675;2739.027;977427.2135;978064.3285304545;-845.2637321999999;208.1487017454118;502.7181029411763;301.95062942263377;-93.80192767722195;2.6300245002230516;17.69346668623315;190.45523505920153;-76.1084609909888;-62.13457101813363;-13.973889972855176
1063;-75.3682;4.4869;4737306.612;2054228.624;2746.043;977439.6266;978064.3004098322;-847.4288698;222.7550599678052;509.7341029411764;302.72407401300444;-79.96901404519923;2.6300245002230516;19.064312865815904;203.6907471019329;-60.90470117938332;-61.977471060487474;1.0727698811041506
1064;-75.3642;4.486;4737759.069;2054119.666;2743.035;977443.16;978064.2877596073;-846.500601;225.372841392724;506.7261029411761;302.39247177129477;-77.01963037857075;2.6300245002230516;19.352703324376105;206.02013806838406;-57.666927054194645;-61.932473177807324;4.26554612361268
1065;-75.3677;4.4822;4737370.234;2053706.813;2666.084;977460.8315;978064.2343752988;-822.7535224;219.35064710113295;429.7751029411761;293.9093853012815;-74.55873820014853;2.6300245002230516;19.619900423905694;199.73074667727306;-54.938837776242835;-61.93212725817699;6.993289481934156
1066;-75.3706;4.4783;4737041.309;2053274.724;2572.207;977477.9025;978064.1796328023;-793.7830802;207.50594739770634;335.89810294117615;283.56037478100967;-76.05442738330333;2.6300245002230516;19.53046364180084;187.97548375587172;-56.5239637415025;-61.92736392883485;5.403400187332352
1067;-75.3726;4.4745;4736823.41;2052857.419;2418.703;977508.6994;978064.1263394258;-746.4117458;190.9848063742428;182.39410294117624;266.63807740354974;-75.65327102930695;2.6300245002230516;19.53467734029115;171.45012903400632;-56.118593689015796;-61.92298622968521;5.8043925406694115
1068;-75.3719;4.4611;4736892.005;2051368.316;2070.911;977577.5776;978063.9387683038;-639.0831346;152.7219662961238;-165.39789705882367;228.297450126726;-75.5754838306022;2.6300245002230516;19.49095244499608;133.23101385108907;-56.08453138560611;-61.81615766797651;5.731626282370399
1069;-75.3698;4.4569;4737122.248;2050902.697;2046.454;977582.2191;978063.880092227;-631.5357044;149.87471217297093;-189.85489705882378;225.60130783101684;-75.72659565804591;2.6300245002230516;19.453567579177953;130.42114459383413;-56.27302807886795;-61.75579322129033;5.48276514242238
1070;-75.3655;4.4537;4737596.823;2050550.841;2020.341;977588.2204;978063.835423445;-623.4772326;147.86220915501121;-215.96789705882384;222.72260791819625;-74.86039876318503;2.6300245002230516;19.511798876039293;128.35041027895215;-55.34859988714574;-61.68785741611309;6.339257528967352
1071;-75.3613;4.4536;4738065.426;2050535.177;1929.967;977604.1039;978063.8340280583;-595.5878162;135.85768814165124;-306.34189705882363;212.75976849257503;-76.9020803509238;2.6300245002230516;19.394418357541074;116.46326978409641;-57.507661993382726;-61.66139242563182;4.153730432249091
1072;-75.3823;4.4813;4735749.071;2053611.375;2417.413;977505.1292;978064.2217382197;-746.0136517999999;186.92111358023976;181.10410294117628;266.49586766558247;-79.5747540853427;2.6300245002230516;19.115218918228432;167.80589466200405;-60.45953516711427;-62.07905518263229;1.6195200155180203
1073;-75.3848;4.4778;4735465.024;2053225.941;2405.89;977509.1817;978064.1726179519;-742.4576539999999;187.4667360480836;169.58110294117614;265.2255709131821;-77.75883486509849;2.6300245002230516;19.43420141035207;168.0325346377587;-58.32463345474642;-62.06477092841068;3.7401374736642623
1074;-75.3832;4.4734;4735636.843;2052739.402;2390.515;977516.4443;978064.1109207715;-737.7129289999999;190.04630822848287;154.20610294117614;263.53062926880506;-73.48432104032219;2.6300245002230516;19.861320754455132;170.1849874740581;-53.62300028586705;-62.0061569792813;8.38315669341425
1075;-75.3891;4.5042;4734999.861;2056142.294;2315.961;977520.2018;978064.5440644809;-714.7055645999999;170.36330011911105;79.65210294117605;255.31178833515418;-84.94848821604313;2.6300245002230516;18.532294233482926;151.8310058855781;-66.4161939825602;-62.39492128893937;-4.02127269362083
1076;-75.3557;4.4545;4738690.03;2050631.249;1884.28;977608.699;978063.8465876566;-581.488808;126.3412203433744;-352.02889705882376;207.7232287262887;-81.38200838291431;2.6300245002230516;18.860690239991374;107.48053010337769;-62.52131814292294;-61.62812620334908;-0.8931919395738532
1077;-75.3517;4.4519;4739132.767;2050349.165;1903.57;977607.2473;978063.8103112415;-587.441702;130.8786907585053;-332.7388970588238;209.84976038938024;-78.97106963087495;2.6300245002230516;19.014890345350153;111.86380041313706;-59.9561792855248;-61.56357133611927;1.6073920505944699
2000;-75.3801;4.4853;4735995.141;2054055.317;2535.127;977480.179;978064.277922284;-782.3401921999999;198.24126991602918;298.8181029411762;279.47267161525366;-81.23140169922448;2.6300245002230516;18.894746141375354;179.34652377468782;-62.33665555784913;-62.08827755205451;-0.24837800579462055
2001;-75.3954;4.4802;4734295.394;2053488.413;2380.486;977514.4367;978064.2062963189;-734.6179795999999;184.84838328105275;144.17710294117614;262.42503123619;-77.57664795513728;2.6300245002230516;19.317174052104335;165.53120922892634;-58.25947390303294;-62.18296194983235;3.923488046799406
2002;-75.395;4.4855;4734342.082;2054074.614;2390.125;977509.9132;978064.2807327925;-737.592575;183.22504220749886;153.81610294117627;263.48763562709405;-80.26259341959519;2.6300245002230516;19.106517641894868;164.11852456562093;-61.15607577770032;-62.2351708092509;1.0790950315505796
2003;-75.3925;4.4936;4734621.797;2054975.716;2417.916;977503.6807;978064.3946628465;-746.1688776;185.45491475356437;181.60710294117644;266.55131843937903;-81.09640368581466;2.6300245002230516;18.99440696999511;166.460507783563;-62.10199671581955;-62.29768895454109;0.1956922387215343
2004;-75.3881;4.4948;4735104.045;2055107.941;2454.086;977494.2288;978064.4115587131;-757.3309395999999;187.14818088697518;217.77710294117605;270.5387031078093;-83.3905222208341;2.6300245002230516;18.78089524202632;168.36728564496033;-64.60962697880778;-62.26898935413833;-2.340637624669455
2005;-75.3847;4.4922;4735482.152;2054814.803;2512.749;977481.59;978064.3749566578;-775.4343413999999;192.6493847422065;276.44010294117606;277.0057185018963;-84.35633375968979;2.6300245002230516;18.45995740219151;174.18942734006194;-65.89637635749828;-62.20410846046728;-3.6922678970310017
2006;-75.3799;4.4921;4736012.927;2054799.148;2522.927;977481.2453;978064.3735493058;-778.5752722;195.44702289411748;286.6181029411764;278.12774231044716;-82.68071941632968;2.6300245002230516;18.667267209874;176.77975568429054;-64.01345220645568;-62.160631110193194;-1.8528210962624883
2007;-75.3734;4.465;4736730.728;2051808.04;2031.563;977584.2841;978063.9933023241;-626.9403418;147.23113947595982;-204.74589705882363;223.95972239840432;-76.7285829224445;2.6300245002230516;19.510964454726523;127.72017502121886;-57.21761846771798;-61.8766655167677;4.659047049049718
2008;-75.3754;4.469;4736502.388;2052249.049;2050.348;977581.08;978064.0492837589;-632.7373928;149.76810904110448;-185.96089705882378;226.03058280748542;-76.26247376638094;2.6300245002230516;19.529040331250645;130.23906870989907;-56.733433435130294;-61.935053975648415;5.201620540518121
2009;-75.3799;4.4672;4736001.536;2052046.85;2109.385;977572.3581;978064.0240859595;-650.956211;159.29022504041802;-126.92389705882351;232.53882800157226;-73.24860296115423;2.6300245002230516;19.84545860558592;139.44476643481448;-53.403144355568315;-61.9462948591637;8.543150503595385
2010;-75.3856;4.4658;4735370.515;2051900.027;2182.301;977558.3644;978064.004494633;-673.4580886;167.81799396701865;-54.0078970588238;240.57709564003682;-72.75910167301817;2.6300245002230516;19.937418207737892;147.88057575924108;-52.82168346528027;-61.97108164760836;9.149398182328085
2011;-75.387;4.4704;4735218.013;2052406.199;2242.922;977546.704;978064.0688890091;-692.1657292;174.8008401909592;6.613102941176294;247.25996116353457;-72.45912097257536;2.6300245002230516;19.957297017154627;154.8435431738064;-52.50182395542073;-62.024536020367066;9.522712064946333
2012;-75.3883;4.4746;4735080.119;2052867.923;2256.031;977544.0623;978064.1277413084;-696.2111666;176.14572529157329;19.722102941176217;248.70509872555982;-72.55937343398654;2.6300245002230516;19.858897964717627;156.28682732685394;-52.70047546926891;-62.07849818231114;9.378022713042228
2013;-75.3937;4.4768;4734477.959;2053115.721;2310.671;977529.2961;978064.1585905822;-713.0730705999999;178.2105800178365;74.36210294117609;254.72861816938152;-76.51803815154503;2.6300245002230516;19.53041779714978;158.68016222073356;-56.98762035439525;-62.14169471887364;5.15407436447839
2014;-75.3784;4.454;4736167.6;2050592.115;1864.098;977615.8562;978063.8396097912;-575.2606427999999;127.27723300886282;-372.2108970588238;205.49836288779656;-78.22112987893374;2.6300245002230516;19.212412855547807;108.06482015332956;-59.00871702338593;-61.82184117740745;2.813124154021523
2015;-75.3827;4.4569;4735689.763;2050907.244;1953.49;977598.3486;978063.880092227;-602.847014;137.31552177301;-282.8188970588237;215.3529465283916;-78.03742475538161;2.6300245002230516;19.247859960352205;118.0676618127151;-58.789564795029406;-61.878273934887474;3.088709139858068
2016;-75.3858;4.4605;4735344.716;2051313.901;1980.149;977595.919;978063.9303826506;-611.0739814;143.062598749416;-256.15989705882384;218.29183753960763;-75.22923879019163;2.6300245002230516;19.489801740195418;123.57279700921774;-55.73943704999621;-61.94131702192243;6.201879971926218
2017;-75.3795;4.4583;4736046.435;2051059.847;1950.485;977599.2234;978063.8996448275;-601.919671;137.24342617254695;-285.82389705882383;215.02167500700278;-77.77824883445584;2.6300245002230516;19.256575889542702;117.98685028298571;-58.521672944913135;-61.86622448187266;3.3445515369595284
2018;-75.3813;4.4624;4735846.345;2051518.194;2030.948;977586.9141;978063.956941058;-626.7505528;149.70771174200843;-205.36089705882364;223.89192473262923;-74.18421299062081;2.6300245002230516;19.610154747799147;130.09755699422757;-54.574058242821664;-61.91639159251072;7.342333349689056
2019;-75.3764;4.5143;4736415.271;2057257.359;2310.153;977523.646;978064.6867436928;-712.9132157999999;171.8724721071054;73.84410294117606;254.67151379398072;-82.79904168687531;2.6300245002230516;18.62924826033187;153.2432238467293;-64.16979342654344;-62.394776510501586;-1.7750169160418494
2020;-75.3804;4.5123;4735967.175;2057033.915;2306.184;977525.0424;978064.6584652151;-711.6883824;172.07231718491346;69.87510294117646;254.23397080949087;-82.16165362457741;2.6300245002230516;18.77520526804392;153.29711191683646;-63.38644835653349;-62.40816625089573;-0.97828210563776
2021;-75.3835;4.508;4735624.297;2056565.111;2276.633;977530.4671;978064.5977085748;-702.5689437999999;168.43833522516343;40.32410294117608;250.9762654089715;-82.53793018380807;2.6300245002230516;18.825642685238286;149.61269253998063;-63.712287498569786;-62.39306316964688;-1.3192243289229069
2022;-75.3886;4.5086;4735054.968;2056632.422;2323.795;977522.3319;978064.6061827964;-717.123137;174.84885420357523;87.48610294117634;256.1754093330111;-81.32655512943586;2.6300245002230516;18.82187060626476;156.0269835973273;-62.5046845231711;-62.43703156446712;-0.06765295870398091
2023;-75.3931;4.507;4734551.209;2056460.649;2294.368;977528.3612;978064.5835873579;-708.0419648;171.8195774421522;58.05910294117621;252.93137370575369;-81.11179626360149;2.6300245002230516;18.827180597404183;152.9923968447287;-62.28461566619731;-62.46277646425506;0.1781607980577462
2024;-75.3745;4.4983;4736619.755;2055485.311;2361.087;977515.9614;978064.4608638829;-728.6314481999999;180.13198431712055;124.77810294117626;260.28648340144076;-80.15449908432021;2.6300245002230516;19.065951673636388;161.06603264345677;-61.088547410683816;-62.20130968361147;1.1127622729276538
2025;-75.3737;4.4937;4736702.851;2054975.823;2397.092;977510.9616;978064.3960706644;-739.7425912;186.30812053563943;160.78310294117637;264.2556784522241;-77.94755791658469;2.6300245002230516;19.294637747304417;167.0134827883822;-58.652920169280264;-62.14093777293266;3.488017603652395
2026;-75.3767;4.5013;4736371.076;2055823.504;2339.732;977519.4043;978064.5031557546;-722.0412951999999;176.94243944540654;103.42310294117624;257.9323059174947;-80.98986647208818;2.6300245002230516;18.957806196380496;157.98463324903037;-62.032060275707686;-62.25590432703271;0.22384405132502394
2027;-75.3793;4.5059;4736089.97;2056332.424;2324.452;977522.0485;978064.5680576077;-717.3258872;174.80632959229058;88.1431029411765;256.2478370832781;-81.44150749098753;2.6300245002230516;18.941187835468615;155.86514175677888;-62.50031965551892;-62.32866658161096;-0.17165307390796158
3000;-75.3494;4.4547;4739386.962;2050652.905;1986.547;977593.3551;978063.8493790203;-613.0484041999999;142.55412517976686;-249.7618970588237;218.99715374388236;-76.44302856411551;2.6300245002230516;19.252843313034965;123.30128186673451;-57.19018525108054;-61.563328926594735;4.373143675514193
3001;-75.3384;4.4434;4740602.949;2049404.111;2133.285;977564.3099;978063.691861901;-658.3317509999999;158.94978909902625;-103.02389705882388;235.17356655770945;-76.2237774586832;2.6300245002230516;18.80695205827754;140.14283704076848;-57.41682540040566;-61.32756575758799;3.910740357182327
3002;-75.3357;4.4468;4740909.309;2049772.675;2108.31;977568.1544;978063.7392146884;-650.624466;155.03965131157634;-127.99889705882379;232.42031988659951;-77.38066857502318;2.6300245002230516;18.635896110389798;136.40375520119494;-58.744772464633385;-61.34302730730913;2.5982548426757432
3003;-75.3389;4.4504;4740548.186;2050177.403;2083.56;977577.1002;978063.7893920984;-642.9866159999999;156.29742390155093;-152.7488970588238;229.69187723955363;-73.3944533380027;2.6300245002230516;19.354754553331656;136.9426693481704;-54.039698784671046;-61.414084202047235;7.374385417376189
3004;-75.3379;4.4545;4740667.382;2050631.095;2080.703;977575.6057;978063.8465876566;-642.1049458;153.8640581433085;-155.60589705882376;229.37692125399363;-75.51286311068512;2.6300245002230516;19.16924548945829;134.69481265388455;-56.34361762122683;-61.44972526554825;5.106107644321426
3005;-75.3349;4.4574;4741000.187;2050953.33;2006.705;977586.8625;978063.8870745994;-619.2691629999999;142.24458840065472;-229.6038970588238;221.21937381980766;-78.97478541915294;2.6300245002230516;18.7749251547602;123.46966324594273;-60.19986026439274;-61.46456093481612;1.2647006704233803
3006;-75.3358;4.4619;4740902.532;2051445.846;1986.783;977587.7788;978063.9499509158;-613.1212337999999;136.95008288420956;-249.52589705882383;219.02317040912288;-82.07308752491332;2.6300245002230516;18.51668614265051;118.4333967415196;-63.556401382262806;-61.522997857693966;-2.0334035245688398
3007;-75.3538;4.4457;4738893.533;2049666.878;1788.367;977632.7803;978063.723890737;-551.8900562;120.94646546293563;-447.94189705882377;197.14976934826393;-76.2033038853283;2.6300245002230516;19.131701890274826;101.81476357263705;-57.07160199505347;-61.52929860853209;4.457696613478618
3008;-75.3619;4.4424;4737989.629;2049294.807;1786.384;977634.2951;978063.6779414488;-551.2781024;121.89526095123472;-449.9248970588237;196.9311632161794;-75.0359022649447;2.6300245002230516;18.966378483119392;102.92888246812953;-56.0695237818253;-61.562976409044424;5.493452627219121
3009;-75.3467;4.4496;4739686.124;2050089.959;1800.746;977629.0566;978063.7782380815;-555.7102156;120.98857751852108;-435.56289705882364;198.5144316322147;-77.52585411369361;2.6300245002230516;19.033738958986774;101.95483855950896;-58.49211515470684;-61.50778609924744;3.0156709445406022
3010;-75.3741;4.4435;4736637.182;2049429.066;1757.83;977636.0177;978063.693254117;-542.466338;114.79078388292851;-478.4788970588238;193.78336720229058;-78.99258331936207;2.6300245002230516;18.706170836702718;96.08461304625331;-60.28641248265935;-61.6843874455503;1.3979749628909488
3011;-75.3309;4.4401;4741439.168;2049034.61;2409.244;977496.7918;978063.6459362055;-743.4926984;176.63856219448883;172.9351029411764;265.59531623189696;-88.95675403740813;2.6300245002230516;16.63546524067565;160.00309695386173;-72.32128879673249;-61.19200475271472;-11.129284044017766
3012;-75.331;4.4505;4741428.582;2050184.658;2402.272;977506.4688;978063.7907864903;-741.3411391999999;184.01915270972142;165.9631029411762;264.8267222062321;-80.80756949651067;2.6300245002230516;18.153488707772187;165.8656640019764;-62.65408078873848;-61.30670554968542;-1.3473752390530649
3013;-75.3603;4.46;4738177.739;2051246.118;2213.993;977549.5302;978063.9233954607;-683.2382398;168.84504433933307;-22.315897058823793;244.070825109539;-75.22578077020592;2.6300245002230516;19.458153146426206;149.3868911928823;-55.76762762377971;-61.68687431228747;5.919246688507762
3014;-75.3639;4.4604;4737779.958;2051289.244;2312.384;977528.4452;978063.9289851504;-713.6017024;178.11791724954378;76.07510294117628;254.9174594725892;-76.79954222304542;2.6300245002230516;19.365281373913685;158.7526358756476;-57.43426084913173;-61.70948154379762;4.27522069466589
3015;-75.3658;4.4665;4737570.978;2051961.665;2494.082;977489.6755;978064.0142895349;-769.6737052;195.3349156651285;257.77310294117615;274.9478664254355;-79.612950760307;2.6300245002230516;19.183321332911966;176.15159433218278;-60.429629427395035;-61.76849031903487;1.3388608916398326
3016;-75.3589;4.4714;4738341.79;2052508.728;2573.362;977473.4708;978064.0828964887;-794.1395132;203.52741671129138;337.05310294117635;283.6877021045385;-80.16028539324714;2.6300245002230516;19.039187646972177;184.4882290643517;-61.121097746274955;-61.75239980460296;0.6313020583280036
3017;-75.3528;4.4685;4739015.414;2052184.19;2108.649;977564.3176;978064.0422833603;-650.7290813999999;151.00439803968686;-127.65989705882384;232.45769128285602;-81.45329324316916;2.6300245002230516;18.894167914362388;132.11023012529617;-62.55912532880677;-61.727049517642016;-0.8320758111647564
3018;-75.3288;4.4595;4741675.122;2051182.9;2246.617;977542.1482;978063.9164090479;-693.3060062000001;171.5377971521517;10.308102941176458;247.66729835871982;-76.12950120656811;2.6300245002230516;18.012483863075783;153.52531328910538;-58.11701734349232;-61.404557333499966;3.2875399900076445
3019;-75.3283;4.4685;4741733.449;2052171.143;2303.026;977525.7573;978064.0422833603;-710.7138236;172.42884023979138;66.71710294117611;253.88583255173847;-81.45699231194709;2.6300245002230516;17.373429871757626;155.0554103680075;-64.08356244018947;-61.4896798150411;-2.5938826251483675
3020;-75.3347;4.4695;4741019.215;2052282.191;2328.19;977521.6675;978064.0562849347;-718.479434;176.09064906523338;91.88110294117632;256.65991460306225;-80.56926553782887;2.6300245002230516;18.5535547146023;157.53709435061006;-62.01571082322657;-61.55318621509646;-0.46252460813011
3021;-75.3506;4.4619;4739259.371;2051453.813;2066.068;977576.0084;978063.9499509158;-637.5885848;149.64703388428848;-170.24089705882352;227.76355728876064;-78.11652340447216;2.6300245002230516;19.100599111967746;130.5464347723387;-59.015924292504415;-61.641922371665174;2.625998079160759
3022;-75.3539;4.4624;4738887.681;2051506.802;2179.803;977549.4836;978063.956941058;-672.6872057999999;158.21386474199153;-56.50589705882385;240.30171585287235;-82.08785111088082;2.6300245002230516;18.80146936987641;139.41239537208693;-63.286381741004405;-61.66171704277639;-1.6246646982280168
3023;-75.3437;4.4639;4740019.008;2051673.049;2339.895;977519.8658;978063.9779161477;-722.091597;177.97948085235237;103.58610294117625;257.9502750549278;-79.9707942025754;2.6300245002230516;18.918074396002485;159.06140645637046;-61.052719806572924;-61.570101502221746;0.5173816956488224
3024;-75.3415;4.4585;4740260.711;2051069.569;2014.666;977585.9545;978063.9024385534;-621.7259276;143.77798904659312;-221.6428970588238;222.09699531124735;-78.31900626465423;2.6300245002230516;20.828771205793203;122.94921784085494;-57.49023505886103;-61.5327096510659;4.042474592204869
3025;-75.3457;4.4563;4739795.423;2050836.891;2008.001;977588.4678;978063.8717144058;-619.6691086;144.26519419415206;-228.30789705882376;221.3622449984166;-77.09705080426454;2.6300245002230516;19.34002277007649;124.92517142408205;-57.75702803418805;-61.54694756725384;3.7899195330657847
73124018;-75.4172;4.4422;4731859.783;2049294.485;1832.207;977623.5576;978063.6751577315;-565.4190802;125.30152246842658;-404.1018970588236;201.9826956370111;-76.68117316858451;2.6300245002230516;18.763452180742988;106.53807028770656;-57.91772098784152;-62.02725551800482;4.109534530163302
73124019;-75.4009;4.4375;4733663.918;2048772.27;1797.176;977629.5971;978063.6097761657;-554.6085135999999;120.5958374343279;-439.1328970588238;198.12087445039836;-77.52503701607046;2.6300245002230516;16.10362069259462;104.4922167416935;-61.42141632347584;-61.84277851556432;0.42136219208848047
